"","VDR570","VDR232","FTO609","Age","Gender","CD_Diabetes","FH_T2D","Vitamin_D","BMI","ApoA1","ApoB","TChol","TG","HDL","LDL"
"1","AG","AC","AT",22,"M","No","No",24,34.6809353943718,1.26,0.97,5.66,0.55,1.35,4.06
"2","GG","AA","AT",21,"M","No","No",19,36.3482671174979,0.95,0.95,4.87,0.68,0.83,3.73
"3","AG","AC","TT",21,"M","No","No",25,36.0854021183467,1.47,0.89,4.64,1.07,1.13,3.02
"4","AG","AC","AT",21,"M","No","Yes",25,33.7037037037037,1.35,0.7,4.56,0.74,1.29,2.93
"5","GG","AA","TT",22,"M","No","Yes",22,30.7958477508651,1.37,1.26,5.51,1.25,0.94,4
"6","GG","AC","AA",20,"M","No","Yes",25,29.0123456790123,1.67,1.13,5.43,0.56,1.55,3.63
"7","AG","AC","TT",20,"M","No","No",24,29.3631919672348,1.62,1.32,6.66,0.93,1.58,4.66
"8","AA","AC","AA",20,"M","No","Yes",22,32.075912994086,1.21,1.04,5.72,1.15,0.97,4.23
"9","AG","AA","AA",20,"M","No","Yes",21,29.4117647058824,1.51,1.23,5.97,0.88,1.3,4.27
"10","GG","AA","AT",21,"M","No","Yes",22,32.4264593811919,1.63,0.61,4.29,0.2,1.73,2.47
"11","AG","AA","TT",23,"M","No","No",23,26.8512110726644,1.31,0.96,5.9,0.57,1.49,4.15
"12","GG","AC","TT",21,"M","No","No",17,29.0547520661157,1.1,0.9,4.75,0.64,1.08,3.38
"13","AG","AA","AA",23,"M","No","Yes",25,27.681164616874,0.88,0.9,4.77,1.47,0.68,3.42
"14","AG","AA","AT",22,"M","No","No",24,25.6489176156766,1.29,0.9,4.4,0.61,1.02,3.1
"15","AG","AC","AT",20,"M","No","No",24,25.9515570934256,0.25,0.72,3.95,0.29,1.2,2.62
"16","GG","AA","TT",19,"M","No","Yes",18,23.5969387755102,1.36,0.76,3.95,0.95,1.05,2.47
"17","GG","CC","TT",20,"M","No","Yes",24,24.4602954172453,1.37,0.54,3.07,0.5,1.06,1.78
"18","AA","AA","AT",21,"M","No","Yes",22,23.6160655304532,1.11,0.69,4.1,0.47,1.04,2.85
"19","GG","AA","TT",22,"M","No","No",20,21.6262975778547,1.22,1.05,4.58,0.71,0.91,3.35
"20","AG","AA","AT",23,"M","No","Yes",23,25.3302366090869,1.3,1.03,5.51,0.46,1.14,4.16
"21","GG","AC","AT",21,"M","No","Yes",24,25.5102040816327,1.35,0.81,4.56,0.76,1.22,2.99
"22","GG","CC","TT",24,"M","No","No",24,23.8894628099174,1.38,0.84,5.12,NA,1.2,NA
"23","GG","CC","AA",23,"M","No","No",22,23.7953599048186,1.47,0.76,4.69,0.52,1.53,2.92
"24","AG","AA","TT",23,"M","No","No",15,22.8625344752504,1.26,0.86,4.98,2.39,1.18,2.71
"25","GG","CC","TT",21,"M","No","Yes",15,23.3705907969226,1.12,0.63,4,0.39,1.05,2.77
"26","AG","AC","TT",22,"M","No","Yes",24,24.4182294094446,1.01,0.63,3.99,0.72,1.05,2.5
"27","GG","AC","TT",21,"M","No","Yes",14,21.2299226650803,1.07,1.14,6.11,0.95,1.03,4.65
"28","GG","AA","AA",19,"M","No","No",25,17.0551944379182,1.67,0.57,3.34,0.37,1.31,1.86
"29","AG","AA","TT",21,"M","No","Yes",24,20.7612456747405,1.24,1.07,5.18,0.62,1.13,3.77
"30","GG","CC","TT",21,"M","No","No",19,19.7231833910035,1.11,0.51,3.65,0.41,1.17,2.29
"31","GG","AA","AA",19,"F","No","Yes",19,31.0509869071635,1.38,0.99,5.08,0.73,1.1,3.65
"32","GG","AC","AT",23,"F","No","Yes",24,35.7796067672611,1.26,0.83,5.07,0.33,1.35,3.57
"33","AG","AA","AT",21,"F","No","Yes",15,31.5781549926606,1.2,0.85,5.04,1,1.21,3.38
"34","AG","CC","TT",20,"F","No","No",13,30.2447776496219,1.24,0.7,4.06,0.49,1.16,2.68
"35","GG","AC","AT",21,"F","No","Yes",10,35.370934145169,1.39,0.79,3.91,0.78,1.16,2.4
"36","GG","AA","AA",23,"F","No","No",16,22.8468113083498,1.46,0.78,4.88,0.95,1.28,3.17
"37","AG","AA","TT",20,"F","No","No",25,26.71875,1.33,0.94,4.37,0.37,1.19,3.01
"38","AG","AA","TT",23,"F","No","Yes",13,38.28125,1.38,0.94,5.69,0.39,1.38,4.13
"39","AG","AA","AA",23,"F","No","No",16,27.2173029467267,1.82,0.96,5.41,0.78,1.84,3.22
"40","AG","AC","TT",22,"F","No","Yes",16,29.6532683136721,1.12,0.61,4.04,0.5,1.19,2.62
"41","GG","CC","TT",20,"F","No","Yes",13,30.0800592345782,1.9,1.06,5.8,0.75,1.62,3.84
"42","GG","CC","TT",21,"F","No","No",19,26.328125,1.58,0.83,4.89,0.7,1.52,3.05
"43","AG","AA","AT",20,"F","No","No",23,27.7301214943454,1.64,0.98,5.95,0.47,1.77,3.97
"44","GG","AA","AA",19,"F","No","No",21,25.625,1.66,0.95,4.47,0.4,1.42,2.87
"45","GG","AA","AT",20,"F","No","No",18,22.5827091723437,1.53,1.09,5.69,0.37,1.63,3.89
"46","AG","AA","AA",19,"F","No","No",21,23.7011007924271,1.59,0.6,3.82,0.93,1.47,1.93
"47","GG","AA","AA",21,"F","No","Yes",14,27.1300106691053,1.65,0.87,4.42,0.33,1.5,2.77
"48","GG","AA","AT",19,"F","No","No",22,21.5855713722256,1.25,0.86,4.43,0.64,1.22,2.92
"49","AG","AC","AA",21,"F","No","Yes",14,22.4102692817957,1.56,0.98,5.01,0.48,1.35,3.44
"50","GG","AA","AA",20,"F","No","Yes",17,29.6665480004747,1.1,0.71,3.56,0.7,0.91,2.33
"51","AG","AA","AT",21,"F","No","Yes",14,24.7880238549231,1.58,0.62,3.41,0.23,1.33,1.98
"52","GG","AC","TT",21,"F","No","No",22,25.2173585757838,1.47,0.55,4.12,0.36,1.85,2.11
"53","AA","AA","TT",20,"F","No","Yes",12,21.3908027559686,1.4,0.74,4.11,0.51,1.36,2.52
"54","AG","AA","AT",21,"F","No","No",14,26.083029094057,1.36,0.81,5.26,0.88,1.53,3.33
"55","AG","AC","TT",20,"F","No","No",19,26.484375,1.71,1.04,5.71,0.96,1.65,3.62
"56","GG","CC","AA",20,"F","No","Yes",24,26.8893946992786,1.46,0.79,4.27,0.35,1.41,2.7
"57","AG","AA","AT",21,"F","No","No",10,27.5061868635644,1.4,0.75,5.23,0.36,2.04,3.03
"58","GG","AC","AT",20,"F","No","Yes",25,22.4058769513315,1.87,0.52,3.81,0.29,1.64,2.04
"59","GG","AA","AT",21,"F","No","No",18,21.1504566575869,1.34,0.83,5.3,1.16,1.61,3.16
"60","GG","AC","TT",21,"F","No","No",10,23.7332384003797,1.37,0.79,3.85,0.33,1.09,2.61
"61","GG","CC","AT",19,"F","No","Yes",16,21.942865745794,1.51,0.53,3.67,0.21,1.7,1.87
"62","GG","AA","AA",24,"F","No","Yes",14,22.9590876585494,1.48,0.68,3.86,0.54,1.42,2.19
"63","GG","AA","AT",20,"F","No","No",19,21.2183171945527,1.71,0.78,4.77,0.48,1.83,2.72
"64","GG","AC","AT",23,"F","No","Yes",24,21.3382106386222,1.29,0.77,4.07,0.68,1.09,2.67
"65","GG","AA","AT",22,"F","No","Yes",16,21.7112642204775,1.24,0.61,4.42,0.32,1.78,2.49
"66","AG","CC","AT",20,"F","No","No",13,22.0323563150192,1.38,0.8,4.4,0.27,1.43,2.85
"67","GG","AC","AT",26,"F","No","No",24,23.828125,1.2,0.76,4.41,0.52,1.07,3.1
"68","AG","AA","AA",21,"F","No","No",22,19.8914336704343,1.61,0.62,3.82,0.56,1.48,2.09
"69","AG","AC","AT",20,"F","No","Yes",20,19.9137959838284,1.2,0.6,4.47,0.45,1.41,2.56
"70","GG","AA","AT",20,"F","No","No",15,21.8724228190326,1.56,0.63,3.8,0.47,1.47,2.12
"71","GG","AC","AA",19,"F","No","No",21,22.5554273997181,1.69,0.79,4.51,0.55,1.62,2.64
"72","GG","CC","AT",21,"F","No","Yes",14,20.8203125,1.32,0.6,3.32,0.45,1.14,1.98
"73","GG","AC","TT",22,"F","No","Yes",21,21.9288627691768,1.3,0.89,5.46,0.98,1.27,3.74
"74","GG","AA","TT",24,"F","No","No",18,22.5524755648133,1.38,0.59,3.75,0.29,1.39,2.23
"75","GG","CC","TT",20,"F","No","No",13,18.9020381328074,1.6,0.69,3.94,NA,1.45,NA
"76","AG","AC","TT",21,"F","No","No",15,19.3821446936434,1.64,0.65,4.02,0.64,1.62,2.11
"77","AG","CC","TT",20,"F","No","No",23,19.7231833910035,1.64,0.83,4.48,0.24,1.51,2.86
"78","GG","AA","TT",22,"F","No","Yes",22,19.9341006380007,1.55,0.72,4.26,0.64,1.58,2.39
"79","GG","AA","AA",21,"F","No","Yes",19,20.6365896561551,1.63,0.8,5.2,0.76,1.48,3.37
"80","AG","AC","TT",21,"F","No","Yes",13,20.6689677843524,1.14,0.62,3.92,0.49,0.95,2.75
"81","AG","AA","TT",24,"F","No","Yes",20,23.0680507497116,1.51,0.59,4.53,0.26,1.79,2.62
"82","GG","AA","AT",22,"F","No","Yes",14,20.6330898372421,1.38,0.61,4.17,0.35,1.53,2.48
"83","AA","AC","AA",24,"F","No","Yes",23,21.1103989745233,1.66,0.86,5.77,0.23,1.97,3.7
"84","AA","AA","AT",21,"F","No","Yes",22,18.2863315458509,1.82,0.63,4.53,0.3,2.25,2.14
"85","GG","AA","AT",20,"F","No","No",21,18.7887697658575,1.75,0.55,3.78,0.46,1.75,1.82
"86","GG","CC","TT",21,"F","No","No",18,19.5595003287311,1.5,0.61,3.66,0.28,1.38,2.15
"87","GG","AC","AA",21,"F","No","Yes",17,16.5737114829318,1.64,0.6,3.67,0.63,1.4,2.07
"88","GG","AC","TT",20,"F","No","No",16,17.0285544318858,1.57,0.76,4.41,0.3,1.57,2.7
"89","AG","AA","AT",22,"F","No","No",17,21.1555555555556,1.36,0.93,5.2,0.26,0.43,3.65
"90","GG","AA","AT",22,"F","No","No",22,17.5206611570248,1.31,0.78,4.85,0.43,1.51,3.14
"91","GG","AA","TT",22,"F","No","Yes",21,20.550374296696,1.66,0.35,3.44,0.37,1.8,1.47
"92","GG","AA","AA",23,"M","No","No",27,37.1822606814494,1.03,0.91,4.75,1.56,0.86,3.18
"93","AG","CC","AT",20,"M","No","Yes",28,35.2354504464152,1.45,1.31,6.3,0.8,1.16,4.78
"94","AG","AC","AT",20,"M","No","Yes",31,32.1632653061224,1.69,1.03,5.6,1.55,1.34,3.56
"95","AG","AA","AT",24,"M","No","Yes",28,33.1384015594542,1.21,0.85,4.89,0.71,1.05,3.52
"96","GG","CC","TT",20,"M","No","No",37,37.4218984931003,1.55,0.78,3.97,0.49,1.17,2.58
"97","GG","AC","AT",19,"M","No","Yes",43,34.2857142857143,1.26,0.89,4.18,0.52,0.96,2.98
"98","GG","AC","TT",20,"M","No","No",29,32.0782462980062,1.44,1.52,6.48,1.13,1.1,4.87
"99","AG","AA","TT",25,"M","No","No",33,32.6905417814509,1.22,1.12,5.32,1.86,0.92,3.55
"100","GG","AA","TT",21,"M","No","No",37,30.2657227864984,1.49,1,4.73,0.47,1.28,3.24
"101","GG","AA","AT",19,"M","No","No",26,29.3079584775087,1.2,0.72,3.78,0.58,0.91,2.61
"102","AG","AA","AT",22,"M","No","No",35,27.9636409544249,1.16,1.15,6.07,1.4,1.03,4.4
"103","GG","AC","TT",21,"M","No","No",40,28.734693877551,1.3,0.79,4.09,0.62,1.21,2.6
"104","GG","AC","TT",23,"M","No","No",39,29.5253598901976,1.18,0.8,4.14,0.76,1.02,2.77
"105","GG","AA","TT",19,"M","No","Yes",46,28.930612244898,1.21,0.84,3.6,1.73,0.72,2.09
"106","AG","CC","TT",24,"M","No","Yes",33,24.7530864197531,1.24,0.66,3.88,1.87,0.86,2.07
"107","GG","AA","TT",24,"M","No","Yes",39,29.6296296296296,1.11,0.84,4.69,0.37,1.2,3.32
"108","AG","AA","TT",21,"M","No","Yes",31,27.4653031409788,1.18,1.2,4.96,NA,0.85,NA
"109","AG","AA","TT",24,"M","No","Yes",29,27.5918367346939,1.48,0.75,4.46,0.25,1.57,2.78
"110","AG","AA","AA",21,"M","No","No",33,28.8869737304095,1.48,1.01,4.74,0.74,1.33,3.07
"111","AG","AA","AA",23,"M","No","No",45,29.40778799351,1.17,0.65,3.58,0.54,1.03,2.3
"112","GG","AA","AA",20,"M","No","Yes",40,30.1800817702319,1.44,0.89,5.16,0.71,1.3,3.54
"113","AG","AA","AT",24,"M","No","Yes",34,29.1049382716049,1.31,0.75,3.93,1.15,1.06,2.35
"114","AG","AA","AA",23,"M","No","No",27,24.9290991211792,1.21,1.15,5.53,0.98,1.2,3.88
"115","GG","AA","AT",24,"M","No","No",45,28.2828282828283,1.24,1.02,5.38,1.39,1.05,3.7
"116","AG","AA","AA",23,"M","No","No",43,26.7128027681661,1.05,0.83,4.37,0.8,0.86,3.15
"117","GG","AC","AT",23,"M","No","No",48,27.7322997761369,1.21,0.69,4.12,2.55,0.95,2.01
"118","AG","AA","TT",21,"M","Yes","No",26,29.7608376062247,1.24,1.17,5.28,1.32,0.97,3.71
"119","AG","CC","TT",19,"M","No","No",39,25.7482600418214,1.56,0.72,3.81,0.55,1.21,2.35
"120","GG","AC","AA",23,"M","No","No",45,26.5051903114187,1.2,0.87,4.81,0.9,1.11,3.29
"121","GG","AC","AT",19,"M","No","No",29,27.2508874466636,1.18,0.74,4.11,0.55,1.08,2.78
"122","GG","AA","TT",21,"M","No","No",44,23.3469387755102,1.21,1.03,4.67,1.14,0.86,3.29
"123","AG","AA","TT",22,"M","No","No",42,25.7170500296495,1.45,0.56,4,0.53,1.5,2.26
"124","AA","AC","AT",19,"M","No","No",35,28.4165757085325,1.67,0.97,5.62,1.74,1.48,3.35
"125","AG","AC","TT",22,"M","No","Yes",32,25.3758498515752,1.11,1,5.56,1.04,0.94,4.15
"126","GG","AC","TT",21,"M","No","No",28,24.5078610120227,1.16,0.46,2.69,1.16,0.83,1.33
"127","AA","AA","TT",23,"M","No","Yes",36,27.681660899654,1.67,0.72,4.49,0.63,1.35,2.85
"128","GG","AA","TT",22,"M","No","Yes",30,26.7401285583104,1.32,0.92,5.76,0.89,1.13,4.23
"129","GG","AA","TT",21,"M","No","No",27,22.822305212423,1.57,0.42,3.06,1.03,1.53,1.06
"130","AG","CC","AT",20,"M","No","No",46,21.0667432730058,1.6,0.5,3.61,0.25,1.51,1.99
"131","AG","AA","TT",22,"M","No","No",32,22.5921521997622,1.07,0.59,3.64,0.53,1.11,2.29
"132","GG","AC","AA",21,"M","No","Yes",37,23.1547996926058,1.26,0.99,5.11,0.99,1.42,3.01
"133","AG","AA","AT",20,"M","No","No",26,21.8299521999323,1.27,0.79,3.99,0.77,0.98,2.66
"134","GG","AA","AT",19,"M","No","Yes",41,25.7819263050924,1.49,0.82,4.58,0.38,1.6,3.01
"135","GG","AA","AT",19,"M","No","Yes",37,24.3944636678201,1.6,0.95,5.08,0.91,1.23,3.44
"136","AA","AA","AT",23,"M","No","Yes",37,23.5294117647059,1.35,0.82,4.85,0.94,1.33,3.09
"137","GG","AC","TT",19,"M","No","No",35,22.3181884163159,1.55,0.94,4.37,0.7,1.1,2.95
"138","GG","AC","AT",23,"M","No","No",41,25.4039115646259,1.07,0.84,4.4,0.38,1,3.23
"139","AG","AC","TT",19,"M","No","No",37,22.1981023073422,1.25,0.54,3.05,0.38,1.08,1.8
"140","AG","AA","AT",20,"M","No","No",36,24.3141239657425,1.55,0.95,4.65,0.88,1.47,2.78
"141","GG","AA","AA",21,"M","No","No",34,23.5294117647059,1.35,1.06,6.56,0.9,1.33,4.82
"142","GG","AC","AA",20,"M","No","No",42,24.2809753428405,2,1.05,5.39,0.49,1.76,3.41
"143","AG","AA","AT",21,"M","No","Yes",43,23.8195870064002,1.27,0.54,3.86,0.31,1.6,2.21
"144","GG","CC","AT",22,"M","No","Yes",37,24.4897959183673,1.22,0.73,4.49,0.43,1.27,3.08
"145","GG","CC","AT",20,"M","No","Yes",32,20.8890059844179,0.94,0.76,4.11,0.9,0.81,2.89
"146","GG","AA","AA",21,"M","No","Yes",42,21.3577955953923,1.47,0.82,4.55,0.4,1.33,3.04
"147","GG","CC","AA",19,"M","No","No",33,22.5981404958678,1.28,0.6,3.21,0.45,1.06,1.95
"148","AG","CC","TT",23,"M","No","No",40,26.9654505165257,1.24,0.7,4.17,0.75,1.16,2.67
"149","GG","AA","TT",19,"M","No","No",40,22.3863142771225,1.42,1.06,5.45,0.64,1.48,3.68
"150","GG","AA","AT",22,"M","No","Yes",40,22.7244034844085,1.23,1,4.37,1.17,0.93,2.91
"151","GG","AC","TT",19,"F","No","No",31,32.9506802721088,1.6,0.71,4.54,1.17,1.44,2.57
"152","GG","AC","AA",22,"F","No","Yes",49,31.5960032406157,1.51,0.69,4.79,0.38,1.86,2.76
"153","GG","AA","AA",19,"F","No","No",35,24.3757431629013,1.77,0.59,4.43,0.69,1.5,2.62
"154","GG","AA","AT",19,"F","No","Yes",30,28.8888888888889,1.69,0.72,4.87,0.45,1.84,2.83
"155","GG","AA","AT",24,"F","No","No",28,25.8064516129032,1.22,0.69,3.77,0.48,1.17,2.38
"156","GG","AC","TT",20,"F","No","No",35,21.6389054134444,1.54,0.63,4.07,0.41,1.69,2.19
"157","AG","AA","AT",20,"F","No","Yes",29,23.2550186382135,1.36,0.6,3.69,0.4,1.28,2.23
"158","GG","AC","TT",20,"F","No","Yes",26,21.9363474122546,1.59,0.69,4.27,0.25,1.73,2.43
"159","GG","AA","AA",23,"F","No","Yes",36,24.9199003203987,1.78,0.98,5.63,0.57,1.68,3.69
"160","AG","CC","AA",22,"F","No","No",34,26.1034816594356,1.23,0.59,3.86,1.14,1.12,2.22
"161","GG","CC","AT",19,"F","No","Yes",44,26.2377824066656,1.76,0.76,4.67,0.26,1.77,2.78
"162","AG","AA","AT",23,"F","No","Yes",36,22.99672550717,1.41,0.84,5.25,0.56,1.46,3.54
"163","AG","AA","AT",20,"F","No","Yes",27,23.6625514403292,1.61,0.92,5.61,0.48,1.71,3.68
"164","GG","AC","AT",22,"F","No","No",28,24.2749559365486,1.87,0.69,5.42,1.28,2.35,2.49
"165","AG","AA","AT",22,"F","No","Yes",42,21.5977961432507,1.48,0.54,4.24,0.39,2.06,2
"166","AG","AC","AA",19,"F","No","Yes",28,23.5350981558596,1.46,0.65,3.7,0.86,1.18,2.13
"167","GG","AA","TT",21,"F","No","No",29,22.9421304537004,1.26,0.8,4.49,0.5,1.49,2.77
"168","GG","AC","AT",22,"F","No","Yes",32,20.4622153872442,1.08,0.52,3.64,0.24,1.27,2.26
"169","GG","AC","AT",22,"F","No","Yes",35,21.7047344719867,1.56,0.6,4.37,0.36,1.86,2.35
"170","AG","AA","AT",21,"F","No","Yes",36,18.2,1.64,0.61,4.74,0.78,1.83,2.56
"171","GG","AC","TT",22,"F","No","Yes",32,17.8326474622771,1.42,0.74,4.53,0.91,1.23,1.89
"172","GG","AA","AT",20,"M","No","Yes",51,48.4245867768595,1.3,0.81,4.08,0.65,1.17,2.61
"173","AG","AC","TT",19,"M","No","Yes",62,24.0224657366991,1.45,0.89,4.54,0.44,1.32,3.02
"174","GG","AC","AT",23,"M","No","No",56,26.4650283553875,1.2,0.72,3.78,0.42,1.02,2.57
"175","GG","AA","AA",23,"M","No","Yes",59,26.1263046637601,1.26,0.62,3.86,0.38,1.28,2.41
"176","GG","AC","AT",22,"M","No","No",56,21.7079233920381,1.31,0.75,4.89,0.55,1.51,3.13
"177","GG","AA","AA",19,"M","No","No",63,24.6876859012493,1.55,0.64,3.68,0.34,1.25,2.28
"178","AA","AC","TT",19,"M","No","No",52,21.0813492063492,1.56,1.06,4.99,1.01,1.31,3.22
"179","GG","CC","AT",21,"F","No","Yes",67,34.9609375,1.23,0.57,3.57,1.36,1.02,1.93
"180","AG","AA","AA",20,"F","No","Yes",71,29.8046875,1.2,0.62,3.41,0.81,0.99,2.05
"181","AG","AA","AT",22,"F","No","Yes",57,31.2452370065539,1.11,0.64,4.29,0.48,1.29,2.78
"182","AG","CC","AT",19,"F","No","Yes",60,20.3747769185009,1.54,0.45,3.62,0.21,1.37,2.15
"183","AG","AA","AA",24,"F","No","No",51,25.0657462195924,1.63,0.68,5.08,NA,1.8,NA
"184","AG","AA","TT",22,"F","No","No",64,25.7232049947971,1.21,0.67,4.53,0.86,1.26,2.88
"185","GG","AA","AT",22,"F","No","Yes",60,22.2985224335481,1.41,0.5,5.26,0.39,1.98,3.1
"186","AA","AC","AT",24,"F","No","No",72,23.3514427352535,1.47,0.81,3.09,0.54,1.64,3.2
"187","GG","AC","AT",23,"F","No","Yes",63,21.4002267573696,1.29,0.45,3.59,0.24,1.36,2.12
"188","GG","AC","AT",21,"F","No","No",58,20.2059037122474,1.51,0.92,6.34,0.49,0.96,4.16
"189","GG","AC","AT",22,"M","No","Yes",76,25.3086419753086,1.18,1.48,6.76,1.07,0.98,5.29
"190","AA","AA","AA",20,"M","No","Yes",79,26.9787821006937,1.58,0.85,4.66,0.89,1.36,2.9
"191","AG","AC","AT",24,"M","No","No",85,27.4315880918173,1.47,0.88,4.94,0.97,1.17,3.33
"192","AG","AA","TT",23,"F","No","Yes",79,30.284325450407,1.24,0.86,4.89,0.9,1.35,3.13
"193","GG","AC","AA",19,"F","No","Yes",90,24.1960067062948,1.33,0.58,3.1,0.51,1.2,1.67
"194","AG","AC","AT",21,"F","No","Yes",116,23.5863435451913,1.43,0.76,4.2,0.47,1.18,2.81
"195","GG","CC","AA",20,"F","No","Yes",110,26.2030738221214,1.74,0.71,4.21,0.37,1.95,2.09
"196","AG","AA","AT",22,"F","No","No",88,21.2084487534626,1.6,0.64,4.24,0.63,1.61,2.34
"197","GG","AA","AT",23,"F","No","Yes",110,19.0677106576332,1.43,0.55,4.64,0.46,1.29,3.14
"198","GG","AC","AT",23,"F","No","Yes",102,22.4349872205769,1.31,0.54,4.19,0.32,1.53,2.51
"199","GG","CC","AT",23,"F","No","No",125,24.0882231171666,1.34,0.69,4.49,0.35,1.59,2.74
"200","AG","AA","TT",22,"F","No","Yes",145,15.6682825484765,1.23,0.65,4.52,0.57,1.29,2.97
"201","GG","AA","AT",23,"F","No","No",117,20.3427977839335,1.55,0.54,4.64,0.33,1.91,2.58
